Kabupaten (group),Provinsi,pencapaian vaksin,Geo_Kab,Dosis Vaksin,Latitude (generated),Longitude (generated),Dosis Vaksin,Peserta Vaksinasi,Target
Aceh Barat,Aceh,16.026426039,Polygon,Divaksin 1,4.411580483,96.195077848,"24,865","155,150","4,028,891"
Aceh Barat Daya,Aceh,24.952860899,MultiPolygon,Divaksin 1,3.797842025,96.799429156,"29,511","118,267","4,028,891"
Aceh Besar,Aceh,9.399495648,MultiPolygon,Divaksin 1,5.548803773,95.242956769,"28,887","307,325","4,028,891"
Aceh Jaya,Aceh,13.188939961,MultiPolygon,Divaksin 1,4.939043398,95.538599439,"9,268","70,271","4,028,891"
Aceh Selatan,Aceh,14.049358513,MultiPolygon,Divaksin 1,3.176431916,97.398304658,"25,942","184,649","4,028,891"
Aceh Singkil,Aceh,18.099918100,MultiPolygon,Divaksin 1,2.285238321,97.618353207,"16,796","92,796","4,028,891"
Aceh Tamiang,Aceh,12.824860512,MultiPolygon,Divaksin 1,4.279018493,98.030995145,"28,893","225,289","4,028,891"
Aceh Tengah,Aceh,22.041081691,Polygon,Divaksin 1,4.607602857,96.820591597,"35,936","163,041","4,028,891"
Aceh Tenggara,Aceh,13.702011950,Polygon,Divaksin 1,3.317745409,97.729886481,"22,978","167,698","4,028,891"
Aceh Timur,Aceh,14.504122565,Polygon,Divaksin 1,4.714751938,97.635166867,"45,262","312,063","4,028,891"
Aceh Utara,Aceh,9.585964484,Polygon,Divaksin 1,5.033442659,97.268811986,"43,962","458,608","4,028,891"
Agam,Sumatera Barat,5.691979011,MultiPolygon,Divaksin 1,-0.282881879,100.225340352,"24,591","432,029","4,408,509"
Alor,Nusa Tenggara Timur,7.816724311,MultiPolygon,Divaksin 1,-8.319910795,124.338002408,"11,594","148,323","3,831,439"
Ambon,Maluku,40.876167969,MultiPolygon,Divaksin 1,-3.699462792,128.194387737,"112,080","274,194","1,417,690"
Asahan,Sumatera Utara,7.766720022,Polygon,Divaksin 1,2.898225632,99.645601375,"45,756","589,129","11,419,559"
Asmat,Papua,14.246232155,MultiPolygon,Divaksin 1,-5.749068326,138.152797821,"7,165","50,294","2,583,771"
Badung,Bali,105.419267075,MultiPolygon,Divaksin 1,-8.562295133,115.193287416,"458,772","435,188","3,405,130"
Balangan,Kalimantan Selatan,15.957840792,Polygon,Divaksin 1,-2.266327555,115.645104341,"15,943","99,907","3,161,137"
Balikpapan,Kalimantan Timur,23.330265393,Polygon,Divaksin 1,-1.157310451,116.885949476,"122,940","526,955","2,874,401"
Banda Aceh,Aceh,47.049487884,Polygon,Divaksin 1,5.552296572,95.333423781,"89,530","190,289","4,028,891"
Bandar Lampung,Lampung,23.565467248,MultiPolygon,Divaksin 1,-5.426066675,105.267302902,"206,265","875,285","6,645,226"
Bandung,Jawa Barat,22.197744239,MultiPolygon,Divaksin 1,-6.978788384,107.654459394,"1,053,855","4,747,577","37,907,814"
Bandung Barat,Jawa Barat,17.609384490,Polygon,Divaksin 1,-6.854048286,107.424730892,"245,858","1,396,176","37,907,814"
Banggai,Sulawesi Tengah,11.902918517,MultiPolygon,Divaksin 1,-0.877533974,122.781172184,"31,363","263,490","2,135,907"
Banggai Kepulauan,Sulawesi Tengah,12.009577761,MultiPolygon,Divaksin 1,-1.674319409,123.411677309,"10,282","85,615","2,135,907"
Bangka,Bangka Belitung,17.600652137,MultiPolygon,Divaksin 1,-1.837392470,105.903143710,"44,910","255,161","1,137,824"
Bangka Barat,Bangka Belitung,12.444438816,MultiPolygon,Divaksin 1,-1.894180171,105.561695122,"19,654","157,934","1,137,824"
Bangka Selatan,Bangka Belitung,7.873525998,MultiPolygon,Divaksin 1,-2.885310759,106.557871819,"12,279","155,953","1,137,824"
Bangka Tengah,Bangka Belitung,17.878742408,MultiPolygon,Divaksin 1,-2.409781550,106.233259564,"27,404","153,277","1,137,824"
Bangkalan,Jawa Timur,7.193703192,Polygon,Divaksin 1,-7.045764361,112.936306601,"59,361","825,180","31,826,206"
Bangli,Bali,75.223015274,Polygon,Divaksin 1,-8.339155202,115.353705191,"154,399","205,255","3,405,130"
Banjar,Jawa Barat,31.206151428,Polygon,Divaksin 1,-7.379696355,108.552579160,"50,040","160,353","37,907,814"
Banjar,Kalimantan Selatan,7.712362437,MultiPolygon,Divaksin 1,-3.277283585,114.945248444,"34,108","442,251","3,161,137"
Banjar Baru,Kalimantan Selatan,27.580145043,Polygon,Divaksin 1,-3.491364948,114.834623264,"53,813","195,115","3,161,137"
Banjarmasin,Kalimantan Selatan,26.409412750,Polygon,Divaksin 1,-3.302514254,114.602421838,"136,290","516,066","3,161,137"
Banjarnegara,Jawa Tengah,10.478497880,Polygon,Divaksin 1,-7.357844509,109.659635747,"83,732","799,084","28,727,805"
Bantaeng,Sulawesi Selatan,16.437178949,Polygon,Divaksin 1,-5.493762349,119.984946885,"25,439","154,765","7,058,141"
Bantul,Yogyakarta,25.881073780,Polygon,Divaksin 1,-7.867132263,110.382236529,"198,520","767,047","2,879,699"
Banyu Asin,Sumatera Selatan,9.536738530,MultiPolygon,Divaksin 1,-2.504780010,104.720667441,"59,607","625,025","6,303,096"
Banyumas,Jawa Tengah,12.036309368,MultiPolygon,Divaksin 1,-7.471676572,109.206309518,"168,319","1,398,427","28,727,805"
Banyuwangi,Jawa Timur,31.674752392,MultiPolygon,Divaksin 1,-8.399262300,114.193494192,"424,512","1,340,222","31,826,206"
Barito Kuala,Kalimantan Selatan,9.883979910,Polygon,Divaksin 1,-3.120862178,114.647151867,"24,186","244,699","3,161,137"
Barito Selatan,Kalimantan Tengah,20.850496370,Polygon,Divaksin 1,-2.109115383,114.906523938,"21,108","101,235","2,036,104"
Barito Timur,Kalimantan Tengah,20.176707010,Polygon,Divaksin 1,-1.969593698,115.304369233,"17,721","87,829","2,036,104"
Barito Utara,Kalimantan Tengah,15.708432683,Polygon,Divaksin 1,-0.755112840,115.368773427,"18,710","119,108","2,036,104"
Barru,Sulawesi Selatan,20.314882058,MultiPolygon,Divaksin 1,-4.432667834,119.659092958,"29,316","144,308","7,058,141"
Batam,Kepulauan Riau,64.033298175,MultiPolygon,Divaksin 1,0.924782029,104.043520834,"580,985","907,317","1,581,035"
Batang,Jawa Tengah,12.252615069,Polygon,Divaksin 1,-7.041670717,109.864244266,"76,243","622,259","28,727,805"
Batang Hari,Jambi,29.149548874,Polygon,Divaksin 1,-1.736183939,103.184542959,"66,909","229,537","2,686,193"
Batu,Jawa Timur,24.105692043,Polygon,Divaksin 1,-7.832437403,112.535914694,"39,758","164,932","31,826,206"
Batu Bara,Sumatera Utara,20.554651373,Polygon,Divaksin 1,3.232526555,99.434601764,"63,652","309,672","11,419,559"
Bau-Bau,Sulawesi Tenggara,21.659281183,MultiPolygon,Divaksin 1,-5.430083339,122.657819125,"26,052","120,281","2,002,579"
Bekasi,Jawa Barat,15.763024945,MultiPolygon,Divaksin 1,-6.260564419,107.037067777,"698,901","4,433,800","37,907,814"
Belitung,Bangka Belitung,18.531135784,MultiPolygon,Divaksin 1,-2.883129968,107.562763874,"26,872","145,010","1,137,824"
Belitung Timur,Bangka Belitung,15.035669822,MultiPolygon,Divaksin 1,-2.920657173,108.218978491,"15,217","101,206","1,137,824"
Belu,Nusa Tenggara Timur,15.482646760,MultiPolygon,Divaksin 1,-9.277678524,124.919583415,"24,723","159,682","3,831,439"
Bener Meriah,Aceh,22.483782960,Polygon,Divaksin 1,4.769499035,96.906380577,"27,278","121,323","4,028,891"
Bengkalis,Riau,13.423729135,MultiPolygon,Divaksin 1,1.478791523,102.008951294,"56,608","421,701","4,840,347"
Bengkayang,Kalimantan Barat,10.207465205,MultiPolygon,Divaksin 1,0.989624209,109.353234005,"20,748","203,263","3,872,477"
Bengkulu,Bengkulu,31.233554583,Polygon,Divaksin 1,-3.839984362,102.302472296,"89,501","286,554","1,553,792"
Bengkulu Selatan,Bengkulu,12.597255951,Polygon,Divaksin 1,-4.307712766,103.040988884,"16,288","129,298","1,553,792"
Bengkulu Tengah,Bengkulu,21.212864662,Polygon,Divaksin 1,-3.688873526,102.439787227,"19,022","89,672","1,553,792"
Bengkulu Utara,Bengkulu,10.090370089,MultiPolygon,Divaksin 1,-3.336109636,102.008906496,"22,856","226,513","1,553,792"
Berau,Kalimantan Timur,17.355613877,MultiPolygon,Divaksin 1,1.858784753,118.142728701,"32,602","187,847","2,874,401"
Biak Numfor,Papua,34.166035831,MultiPolygon,Divaksin 1,-1.086224129,135.906974326,"25,726","75,297","2,583,771"
Bima,Nusa Tenggara Barat,10.870056904,MultiPolygon,Divaksin 1,-8.530482050,118.824909045,"54,308","499,611","3,910,638"
Bintan,Kepulauan Riau,63.544582329,MultiPolygon,Divaksin 1,0.913800428,105.339659055,"78,550","123,614","1,581,035"
Bireuen,Aceh,13.300760369,Polygon,Divaksin 1,5.158730453,96.675590204,"44,291","332,996","4,028,891"
Bitung,Sulawesi Utara,31.945780698,MultiPolygon,Divaksin 1,1.460483674,125.216601483,"56,115","175,657","2,080,685"
Blitar,Jawa Timur,33.122755988,MultiPolygon,Divaksin 1,-8.159917659,112.216067691,"357,112","1,078,147","31,826,206"
Blora,Jawa Tengah,14.449549299,Polygon,Divaksin 1,-7.078954792,111.398772285,"103,378","715,441","28,727,805"
Boalemo,Gorontalo,23.650988716,MultiPolygon,Divaksin 1,0.566729327,122.360244218,"27,521","116,363","811,338"
Bogor,Jawa Barat,14.130487659,MultiPolygon,Divaksin 1,-6.497620389,106.798546875,"711,657","5,036,323","37,907,814"
Bojonegoro,Jawa Timur,16.018401649,Polygon,Divaksin 1,-7.222151030,111.817549326,"164,348","1,025,995","31,826,206"
Bolaang Mongondow,Sulawesi Utara,11.871192252,MultiPolygon,Divaksin 1,0.790587737,124.004911403,"23,129","194,833","2,080,685"
Bolaang Mongondow Selatan,Sulawesi Utara,15.174209736,MultiPolygon,Divaksin 1,0.400478334,124.028317412,"7,983","52,609","2,080,685"
Bolaang Mongondow Timur,Sulawesi Utara,16.897272831,MultiPolygon,Divaksin 1,0.668408148,124.558114589,"11,797","69,816","2,080,685"
Bolaang Mongondow Utara,Sulawesi Utara,29.820071595,MultiPolygon,Divaksin 1,0.855702119,123.367136469,"18,993","63,692","2,080,685"
Bombana,Sulawesi Tenggara,21.845135140,MultiPolygon,Divaksin 1,-4.854101623,121.828309587,"25,007","114,474","2,002,579"
Bondowoso,Jawa Timur,12.419906789,Polygon,Divaksin 1,-7.947625055,113.927667335,"76,216","613,660","31,826,206"
Bone,Sulawesi Selatan,13.447782772,MultiPolygon,Divaksin 1,-4.725620233,120.142618193,"85,391","634,982","7,058,141"
Bone Bolango,Gorontalo,22.441084447,Polygon,Divaksin 1,0.512830654,123.228216604,"29,120","129,762","938,409"
Bontang,Kalimantan Timur,28.529844207,MultiPolygon,Divaksin 1,0.119280504,117.488401522,"38,420","134,666","2,874,401"
Boven Digoel,Papua,21.095451634,Polygon,Divaksin 1,-6.319441120,140.687023495,"6,586","31,220","2,583,771"
Boyolali,Jawa Tengah,12.962506521,Polygon,Divaksin 1,-7.376459911,110.675578155,"108,337","835,772","28,727,805"
Brebes,Jawa Tengah,10.185751345,Polygon,Divaksin 1,-7.042590391,108.939947155,"156,588","1,537,324","28,727,805"
Bukittinggi,Sumatera Barat,27.685026537,Polygon,Divaksin 1,-0.295903475,100.357595460,"26,499","95,716","4,408,509"
Buleleng,Bali,74.735158385,MultiPolygon,Divaksin 1,-8.190452560,114.923718536,"459,755","615,179","3,405,130"
Bulukumba,Sulawesi Selatan,12.985964315,MultiPolygon,Divaksin 1,-5.424504588,120.235472189,"45,030","346,759","7,058,141"
Bulungan,Kalimantan Timur,,MultiPolygon,Divaksin 1,2.981340187,117.423055469,,,
Bungo,Jambi,14.865171423,Polygon,Divaksin 1,-1.580623084,101.874331876,"39,972","268,897","2,686,193"
Buol,Sulawesi Tengah,21.711908224,MultiPolygon,Divaksin 1,1.008467259,121.492332417,"21,500","99,024","2,135,907"
Buru,Maluku,7.161573773,Polygon,Divaksin 1,-3.150161562,126.832919493,"7,270","101,514","1,417,690"
Buru Selatan,Maluku,6.783258649,MultiPolygon,Divaksin 1,-3.616936282,126.469988781,"3,739","55,121","1,201,800"
Buton,Sulawesi Tenggara,12.670594988,MultiPolygon,Divaksin 1,-5.413628674,122.620274427,"10,816","85,363","1,706,169"
Buton Utara,Sulawesi Tenggara,12.877351902,MultiPolygon,Divaksin 1,-4.679298496,123.097800844,"6,454","50,119","1,706,169"
Ciamis,Jawa Barat,10.509224190,Polygon,Divaksin 1,-7.423473918,108.445952359,"104,885","998,028","37,907,814"
Cianjur,Jawa Barat,8.526231549,Polygon,Divaksin 1,-7.024240609,107.159284972,"163,432","1,916,814","37,907,814"
Cilacap,Jawa Tengah,10.580660400,MultiPolygon,Divaksin 1,-7.511438081,108.909403111,"162,161","1,532,617","28,727,805"
Cilegon,Banten,16.906435517,MultiPolygon,Divaksin 1,-6.002519656,106.009387745,"55,704","329,484","9,229,383"
Cimahi,Jawa Barat,32.372952004,Polygon,Divaksin 1,-6.890683366,107.545758099,"146,789","453,431","37,907,814"
Cirebon,Jawa Barat,13.446367574,MultiPolygon,Divaksin 1,-6.781799709,108.591521806,"275,000","2,045,162","37,907,814"
Dairi,Sumatera Utara,15.129035006,MultiPolygon,Divaksin 1,2.884715582,98.273409714,"35,526","234,820","9,832,695"
Danau,Sumatera Barat,,Polygon,Divaksin 1,-0.611721684,100.530336222,,,
Danau Limboto,Gorontalo,,Polygon,Divaksin 1,0.572360495,122.996061561,,,
Deiyai,Papua,1.341989893,Polygon,Divaksin 1,-4.254859446,136.436857869,802,"59,762","2,583,771"
Deli Serdang,Sumatera Utara,11.992577393,Polygon,Divaksin 1,3.560807632,98.686497440,"178,436","1,487,887","11,419,559"
Demak,Jawa Tengah,20.683979261,Polygon,Divaksin 1,-6.944996864,110.603507613,"192,010","928,303","28,727,805"
Denpasar,Bali,109.819809263,MultiPolygon,Divaksin 1,-8.694554325,115.223941231,"627,931","571,783","3,405,130"
Depok,Jawa Barat,16.961718737,Polygon,Divaksin 1,-6.393184435,106.825330550,"273,687","1,613,557","37,907,814"
Dharmasraya,Sumatera Barat,24.489978076,Polygon,Divaksin 1,-1.181358264,101.541503017,"43,900","179,257","4,408,509"
Dogiyai,Papua,1.903404682,Polygon,Divaksin 1,-4.128162367,135.825590262,"1,349","70,873","2,583,771"
Dompu,Nusa Tenggara Barat,12.294588661,MultiPolygon,Divaksin 1,-8.506926104,118.191042406,"21,450","174,467","3,910,638"
Donggala,Sulawesi Tengah,5.780252475,MultiPolygon,Divaksin 1,-0.249318982,119.810015275,"12,395","214,437","2,135,907"
Dumai,Riau,43.082208610,Polygon,Divaksin 1,1.853005415,101.319162200,"101,699","236,058","4,840,347"
Empat Lawang,Sumatera Selatan,8.336936322,Polygon,Divaksin 1,-3.750950954,102.971683216,"21,982","263,670","6,303,096"
Ende,Nusa Tenggara Timur,7.428083251,MultiPolygon,Divaksin 1,-8.651413445,121.745408905,"15,129","203,673","3,248,595"
Enrekang,Sulawesi Selatan,15.437544006,Polygon,Divaksin 1,-3.459794507,119.876943712,"26,968","174,691","7,058,141"
Fakfak,Papua Barat,17.567994385,MultiPolygon,Divaksin 1,-3.044955505,132.522122690,"10,012","56,990","797,402"
Flores Timur,Nusa Tenggara Timur,7.068623406,MultiPolygon,Divaksin 1,-8.359306361,122.945094582,"14,392","203,604","3,831,439"
Garut,Jawa Barat,9.137220618,Polygon,Divaksin 1,-7.276388158,107.833873143,"180,708","1,977,713","37,907,814"
Gayo Lues,Aceh,18.305721376,Polygon,Divaksin 1,4.030882671,97.447774827,"13,646","74,545","4,028,891"
Gianyar,Bali,80.383577715,Polygon,Divaksin 1,-8.479613018,115.291300705,"331,612","412,537","3,405,130"
Gorontalo,Gorontalo,22.093313766,MultiPolygon,Divaksin 1,0.621264744,122.893950970,"105,232","476,307","938,409"
Gorontalo Utara,Gorontalo,21.483765064,MultiPolygon,Divaksin 1,0.905507087,122.784669676,"21,464","99,908","938,409"
Gowa,Sulawesi Selatan,10.226681418,MultiPolygon,Divaksin 1,-5.314348235,119.655570780,"60,729","593,829","7,058,141"
Gresik,Jawa Timur,24.282411457,MultiPolygon,Divaksin 1,-6.986726935,112.514674420,"245,662","1,011,687","31,826,206"
Grobogan,Jawa Tengah,12.933317665,MultiPolygon,Divaksin 1,-7.130345434,110.856784382,"147,475","1,140,272","28,727,805"
Gunung Kidul,Yogyakarta,28.485831184,MultiPolygon,Divaksin 1,-8.019730278,110.597360259,"169,532","595,145","2,879,699"
Gunung Mas,Kalimantan Tengah,18.579240357,Polygon,Divaksin 1,-1.118207202,113.637443484,"18,857","101,495","2,036,104"
Gunungsitoli,Sumatera Utara,16.032048072,MultiPolygon,Divaksin 1,1.286624479,97.596423772,"16,008","99,850","11,419,559"
Halmahera Barat,Maluku Utara,7.668173306,MultiPolygon,Divaksin 1,1.338280131,127.540824809,"7,821","101,993","954,092"
Halmahera Selatan,Maluku Utara,11.851277668,MultiPolygon,Divaksin 1,-0.575582006,127.577366026,"22,322","188,351","954,092"
Halmahera Tengah,Maluku Utara,26.305216023,MultiPolygon,Divaksin 1,0.344033659,128.394713484,"10,868","41,315","954,092"
Halmahera Timur,Maluku Utara,10.280098425,MultiPolygon,Divaksin 1,0.874997297,128.280707591,"6,977","67,869","808,250"
Halmahera Utara,Maluku Utara,6.807872099,MultiPolygon,Divaksin 1,1.646501901,127.872916052,"9,845","144,612","954,092"
Hulu Sungai Selatan,Kalimantan Selatan,16.473845160,Polygon,Divaksin 1,-2.737295572,115.229990333,"29,575","179,527","3,161,137"
Hulu Sungai Tengah,Kalimantan Selatan,10.345789180,Polygon,Divaksin 1,-2.633717123,115.498713349,"21,147","204,402","3,161,137"
Hulu Sungai Utara,Kalimantan Selatan,12.697962357,Polygon,Divaksin 1,-2.448878095,115.133004477,"22,378","176,233","3,161,137"
Humbang Hasundutan,Sumatera Utara,32.213912509,MultiPolygon,Divaksin 1,2.279375482,98.627862467,"47,166","146,415","11,419,559"
Indragiri Hilir,Riau,10.668663502,MultiPolygon,Divaksin 1,-0.325195911,103.339750608,"54,069","506,802","4,840,347"
Indragiri Hulu,Riau,13.982076625,Polygon,Divaksin 1,-0.658966021,102.025700104,"47,009","336,209","4,840,347"
Indramayu,Jawa Barat,11.028340192,MultiPolygon,Divaksin 1,-6.478032956,108.124041896,"161,338","1,462,940","37,907,814"
Intan Jaya,Papua,1.856003569,Polygon,Divaksin 1,-3.137694184,136.485984402,"1,664","89,655","2,175,921"
Jakarta Barat,Jakarta Raya,62.228484834,Polygon,Divaksin 1,-6.163617328,106.752012057,"1,202,759","1,932,811","8,395,427"
Jakarta Pusat,Jakarta Raya,191.489752275,Polygon,Divaksin 1,-6.183508047,106.829363610,"1,637,741","855,263","8,395,427"
Jakarta Selatan,Jakarta Raya,96.295746497,Polygon,Divaksin 1,-6.279468420,106.812113730,"1,719,037","1,785,164","8,395,427"
Jakarta Timur,Jakarta Raya,57.293769277,Polygon,Divaksin 1,-6.273756310,106.893371933,"1,376,068","2,401,776","8,395,427"
Jakarta Utara,Jakarta Raya,82.842901857,Polygon,Divaksin 1,-6.122092841,106.847492509,"1,159,287","1,399,380","8,395,427"
Jambi,Jambi,41.418571345,Polygon,Divaksin 1,-1.613489749,103.597112184,"190,583","460,139","2,686,193"
Jayapura,Papua,39.121687053,MultiPolygon,Divaksin 1,-2.829318576,140.400718971,"124,833","319,089","2,583,771"
Jayawijaya,Papua,8.348813085,Polygon,Divaksin 1,-3.999108961,138.848442501,"13,843","165,808","2,583,771"
Jember,Jawa Timur,10.151643050,MultiPolygon,Divaksin 1,-8.311764100,113.623331370,"203,002","1,999,696","31,826,206"
Jembrana,Bali,80.703099465,Polygon,Divaksin 1,-8.313025642,114.695824567,"199,996","247,817","3,405,130"
Jeneponto,Sulawesi Selatan,8.316177527,MultiPolygon,Divaksin 1,-5.555725252,119.721304171,"26,055","313,305","6,079,251"
Jepara,Jawa Tengah,15.797387392,MultiPolygon,Divaksin 1,-6.209705992,110.603592029,"145,723","922,450","28,727,805"
Jombang,Jawa Timur,54.180825969,Polygon,Divaksin 1,-7.531165942,112.261488954,"552,613","1,019,942","31,826,206"
Kaimana,Papua Barat,17.733705816,MultiPolygon,Divaksin 1,-3.720275990,133.927711098,"7,681","43,313","797,402"
Kampar,Riau,8.808345644,MultiPolygon,Divaksin 1,0.112766841,101.177052944,"55,930","634,966","4,840,347"
Kapuas,Kalimantan Tengah,11.632373114,Polygon,Divaksin 1,-2.216340408,114.309290916,"37,312","320,760","2,036,104"
Kapuas Hulu,Kalimantan Barat,12.637597254,Polygon,Divaksin 1,0.931845643,112.800444169,"22,789","180,327","3,872,477"
Karanganyar,Jawa Tengah,19.366367632,MultiPolygon,Divaksin 1,-7.607122898,110.979831716,"142,025","733,359","28,727,805"
Karangasem,Bali,82.675380874,Polygon,Divaksin 1,-8.384140733,115.504756966,"314,097","379,916","3,405,130"
Karawang,Jawa Barat,13.903170724,Polygon,Divaksin 1,-6.273806960,107.377395068,"266,573","1,917,354","37,907,814"
Karimun,Kepulauan Riau,61.482063902,MultiPolygon,Divaksin 1,0.848697078,103.575526933,"120,420","195,862","1,581,035"
Karo,Sumatera Utara,13.581975881,Polygon,Divaksin 1,3.118987417,98.294517605,"43,157","317,752","11,419,559"
Katingan,Kalimantan Tengah,16.866710875,MultiPolygon,Divaksin 1,-2.443184270,113.174825004,"20,348","120,640","2,036,104"
Kaur,Bengkulu,12.117667402,Polygon,Divaksin 1,-4.661185260,103.386482417,"11,913","98,311","1,553,792"
Kayong Utara,Kalimantan Barat,13.746273601,MultiPolygon,Divaksin 1,-1.325736078,109.344085291,"12,450","90,570","3,872,477"
Kebumen,Jawa Tengah,16.407956149,Polygon,Divaksin 1,-7.622329064,109.597840701,"174,157","1,061,418","28,727,805"
Kediri,Jawa Timur,33.774170163,MultiPolygon,Divaksin 1,-7.817023216,112.099956770,"506,417","1,499,421","31,826,206"
Keerom,Papua,24.787640034,Polygon,Divaksin 1,-3.317514165,140.461510537,"8,054","32,492","2,583,771"
Kendal,Jawa Tengah,13.871402037,MultiPolygon,Divaksin 1,-7.064112132,110.157293758,"111,275","802,190","28,727,805"
Kendari,Sulawesi Tenggara,32.480473096,MultiPolygon,Divaksin 1,-3.987602338,122.575994575,"86,121","265,147","2,002,579"
Kepahiang,Bengkulu,12.838295566,Polygon,Divaksin 1,-3.618210929,102.625395870,"15,161","118,092","1,553,792"
Kepulauan Anambas,Kepulauan Riau,58.665601939,MultiPolygon,Divaksin 1,3.104037912,106.152710393,"21,305","36,316","1,581,035"
Kepulauan Aru,Maluku,,MultiPolygon,Divaksin 1,-5.945866654,134.533761936,,,
Kepulauan Mentawai,Sumatera Barat,11.443417845,MultiPolygon,Divaksin 1,-2.264606937,99.721643600,"7,840","68,511","4,408,509"
Kepulauan Meranti,Riau,16.674771809,MultiPolygon,Divaksin 1,1.030143813,102.584324242,"26,745","160,392","4,840,347"
Kepulauan Sangihe,Sulawesi Utara,19.844056639,MultiPolygon,Divaksin 1,3.541881019,125.552434018,"22,549","113,631","2,080,685"
Kepulauan Selayar,Sulawesi Selatan,19.647155386,MultiPolygon,Divaksin 1,-6.710719422,120.772093081,"21,304","108,433","7,058,141"
Kepulauan Seribu,Jakarta Raya,102.206057148,MultiPolygon,Divaksin 1,-5.678116460,106.578009629,"21,497","21,033","8,395,427"
Kepulauan Sula,Maluku Utara,8.017834692,MultiPolygon,Divaksin 1,-1.862842559,125.114008595,"6,186","77,153","808,250"
Kepulauan Talaud,Sulawesi Utara,30.663785446,MultiPolygon,Divaksin 1,4.246412450,126.807348967,"23,130","75,431","2,080,685"
Kepulauan Yapen,Papua,11.931753861,MultiPolygon,Divaksin 1,-1.734079641,135.942078891,"7,378","61,835","2,583,771"
Kerinci,Jambi,16.965722254,Polygon,Divaksin 1,-2.138653265,101.641225466,"33,216","195,783","2,686,193"
Ketapang,Kalimantan Barat,8.561951172,MultiPolygon,Divaksin 1,-1.978023262,110.356585184,"35,491","414,520","3,872,477"
Klaten,Jawa Tengah,12.502061292,Polygon,Divaksin 1,-7.675367671,110.611234180,"125,852","1,006,650","28,727,805"
Klungkung,Bali,88.321738114,MultiPolygon,Divaksin 1,-8.632980770,115.459364533,"143,582","162,567","3,405,130"
Kolaka,Sulawesi Tenggara,19.529178636,MultiPolygon,Divaksin 1,-4.090605236,121.507207076,"35,282","180,663","1,706,169"
Kolaka Utara,Sulawesi Tenggara,15.663168921,MultiPolygon,Divaksin 1,-3.112620156,121.103491628,"16,748","106,926","2,002,579"
Konawe,Sulawesi Tenggara,13.808775304,MultiPolygon,Divaksin 1,-3.714066772,122.199199817,"27,497","199,127","1,706,169"
Konawe Selatan,Sulawesi Tenggara,15.209356745,MultiPolygon,Divaksin 1,-4.242487698,122.626507720,"36,008","236,749","2,002,579"
Konawe Utara,Sulawesi Tenggara,31.391553753,MultiPolygon,Divaksin 1,-3.454848051,122.269759775,"15,870","50,555","2,002,579"
Kota Baru,Kalimantan Selatan,8.103418152,MultiPolygon,Divaksin 1,-3.097712707,116.160042767,"20,407","251,832","3,161,137"
Kota Binjai,Sumatera Utara,17.345565425,MultiPolygon,Divaksin 1,3.585099367,98.480501761,"39,308","226,617","11,419,559"
Kota Medan,Sumatera Utara,32.532611974,Polygon,Divaksin 1,3.623026342,98.666106626,"632,108","1,942,998","11,419,559"
Kota Tanjungbalai,Sumatera Utara,17.553483682,Polygon,Divaksin 1,2.959007385,99.796455307,"23,327","132,891","11,419,559"
Kota Yogyakarta,Yogyakarta,100.098846232,Polygon,Divaksin 1,-7.807243914,110.375524413,"296,713","296,420","2,879,699"
Kotamobagu,Sulawesi Utara,24.214163059,Polygon,Divaksin 1,0.725986431,124.309520058,"23,549","97,253","2,080,685"
Kotawaringin Barat,Kalimantan Tengah,23.610578200,Polygon,Divaksin 1,-2.680125349,111.695200174,"47,997","203,286","2,036,104"
Kotawaringin Timur,Kalimantan Tengah,14.942186069,Polygon,Divaksin 1,-2.403637000,112.851123403,"49,119","328,727","2,036,104"
Kuantan Singingi,Riau,15.330423433,Polygon,Divaksin 1,-0.380283779,101.537106878,"39,583","258,199","4,840,347"
Kubu Raya,Kalimantan Barat,14.136810528,MultiPolygon,Divaksin 1,-0.547727989,109.462328000,"61,168","432,686","3,872,477"
Kudus,Jawa Tengah,22.848848543,MultiPolygon,Divaksin 1,-6.765205286,110.864575130,"151,197","661,727","28,727,805"
Kulon Progo,Yogyakarta,21.654411765,Polygon,Divaksin 1,-7.757667814,110.161720128,"74,214","342,720","2,879,699"
Kuningan,Jawa Barat,13.523352608,Polygon,Divaksin 1,-6.983786648,108.581151595,"124,815","922,959","37,907,814"
Kupang,Nusa Tenggara Timur,36.356571124,MultiPolygon,Divaksin 1,-10.022135480,123.719167435,"223,610","615,047","3,831,439"
Kutai Barat,Kalimantan Timur,21.382914302,Polygon,Divaksin 1,0.342241730,115.064523035,"28,602","133,761","2,874,401"
Kutai Kartanegara,Kalimantan Timur,16.478637655,MultiPolygon,Divaksin 1,-0.593918745,117.378043302,"90,341","548,231","2,874,401"
Kutai Timur,Kalimantan Timur,11.780716910,MultiPolygon,Divaksin 1,0.765257354,117.627087095,"39,343","333,961","2,874,401"
Labuhanbatu,Sumatera Utara,8.870684984,MultiPolygon,Divaksin 1,2.262431389,99.979885110,"33,396","376,476","9,832,695"
Labuhanbatu Selatan,Sumatera Utara,5.800487868,MultiPolygon,Divaksin 1,1.694405108,100.004445269,"13,554","233,670","9,832,695"
Labuhanbatu Utara,Sumatera Utara,8.337317839,Polygon,Divaksin 1,2.334061689,99.617069716,"24,063","288,618","9,832,695"
Lahat,Sumatera Selatan,14.370124678,MultiPolygon,Divaksin 1,-3.928877585,103.340784807,"46,184","321,389","6,303,096"
Lake Toba,Sumatera Utara,,Polygon,Divaksin 1,2.595503378,98.815510009,,,
Lamandau,Kalimantan Tengah,22.636554622,Polygon,Divaksin 1,-1.810452215,111.138655161,"16,809","74,256","2,036,104"
Lamongan,Jawa Timur,15.949237595,MultiPolygon,Divaksin 1,-7.121915992,112.278466996,"169,627","1,063,543","31,826,206"
Lampung Barat,Lampung,8.243465794,MultiPolygon,Divaksin 1,-5.357860361,104.208430927,"18,170","220,417","6,645,226"
Lampung Selatan,Lampung,9.124207233,MultiPolygon,Divaksin 1,-5.652071926,105.523701406,"70,696","774,818","6,645,226"
Lampung Tengah,Lampung,5.151909675,Polygon,Divaksin 1,-4.802272141,105.297157723,"56,508","1,096,836","6,645,226"
Lampung Timur,Lampung,4.348804792,MultiPolygon,Divaksin 1,-5.113250922,105.590365503,"36,127","830,734","6,645,226"
Lampung Utara,Lampung,8.051055367,Polygon,Divaksin 1,-4.862479136,104.754503088,"36,919","458,561","6,645,226"
Landak,Kalimantan Barat,9.845769927,Polygon,Divaksin 1,0.421974111,109.722025849,"27,776","282,111","3,872,477"
Langkat,Sumatera Utara,7.335320047,MultiPolygon,Divaksin 1,3.855251599,98.284527782,"59,075","805,350","11,419,559"
Langsa,Aceh,24.539166558,MultiPolygon,Divaksin 1,4.481348945,97.978773328,"35,797","145,877","4,028,891"
Lanny Jaya,Papua,0.724966715,Polygon,Divaksin 1,-3.920307226,138.359107575,942,"129,937","2,175,921"
Lebak,Banten,6.473481299,MultiPolygon,Divaksin 1,-6.655285358,106.153802617,"68,944","1,065,022","9,229,383"
Lebong,Bengkulu,10.609426309,Polygon,Divaksin 1,-3.099110655,102.228728738,"8,788","82,832","1,553,792"
Lembata,Nusa Tenggara Timur,8.785030867,Polygon,Divaksin 1,-8.365646011,123.522733832,"8,282","94,274","3,831,439"
Lhokseumawe,Aceh,21.262233288,Polygon,Divaksin 1,5.182363318,97.111871041,"30,742","144,585","4,028,891"
Lima Puluh Kota,Sumatera Barat,10.859374497,Polygon,Divaksin 1,-0.097645030,100.620687613,"33,729","310,598","4,408,509"
Lingga,Kepulauan Riau,42.891290658,MultiPolygon,Divaksin 1,0.030414891,104.449318578,"33,375","77,813","1,581,035"
Lombok Barat,Nusa Tenggara Barat,10.187429386,MultiPolygon,Divaksin 1,-8.735447979,116.044338564,"54,011","530,173","3,910,638"
Lombok Tengah,Nusa Tenggara Barat,10.199426859,MultiPolygon,Divaksin 1,-8.776501993,116.283879525,"78,301","767,700","3,910,638"
Lombok Timur,Nusa Tenggara Barat,10.195386731,MultiPolygon,Divaksin 1,-8.664713522,116.535043219,"97,108","952,470","3,910,638"
Lombok Utara,Nusa Tenggara Barat,15.634560608,MultiPolygon,Divaksin 1,-8.342911061,116.281675208,"28,158","180,101","3,910,638"
Lubuklinggau,Sumatera Selatan,19.997668114,Polygon,Divaksin 1,-3.274336227,102.873875206,"34,303","171,535","6,303,096"
Lumajang,Jawa Timur,9.056446110,MultiPolygon,Divaksin 1,-8.087674933,113.149133919,"79,768","880,787","31,826,206"
Luwu,Sulawesi Selatan,19.845732026,MultiPolygon,Divaksin 1,-3.166884834,120.242517153,"55,806","281,199","7,058,141"
Luwu Timur,Sulawesi Selatan,15.523668121,MultiPolygon,Divaksin 1,-2.646000737,121.096288864,"34,608","222,937","7,058,141"
Luwu Utara,Sulawesi Selatan,16.613903205,Polygon,Divaksin 1,-2.484180930,120.179763546,"41,616","250,489","7,058,141"
Madiun,Jawa Timur,26.861280923,MultiPolygon,Divaksin 1,-7.623349732,111.617920664,"201,155","748,866","31,826,206"
Magelang,Jawa Tengah,14.764137471,MultiPolygon,Divaksin 1,-7.503045757,110.254467827,"166,450","1,127,394","28,727,805"
Magetan,Jawa Timur,15.656188867,Polygon,Divaksin 1,-7.649297660,111.326770738,"83,313","532,141","31,826,206"
Majalengka,Jawa Barat,8.961650183,Polygon,Divaksin 1,-6.752355508,108.193914582,"93,912","1,047,932","37,907,814"
Majene,Sulawesi Barat,17.040403498,MultiPolygon,Divaksin 1,-3.233888178,118.924959099,"22,197","130,261","1,089,240"
Makassar,Sulawesi Selatan,37.217802292,MultiPolygon,Divaksin 1,-5.112780510,119.405838740,"410,263","1,102,330","7,058,141"
Malang,Jawa Timur,19.256353047,MultiPolygon,Divaksin 1,-8.139581943,112.623824550,"526,295","2,733,098","31,826,206"
Malinau,Kalimantan Timur,,Polygon,Divaksin 1,2.497825374,115.421631074,,,
Maluku Barat Daya,Maluku,8.323989183,MultiPolygon,Divaksin 1,-7.803556806,127.677193065,"5,048","60,644","1,417,690"
Maluku Tengah,Maluku,5.430373161,MultiPolygon,Divaksin 1,-3.266461307,129.030180120,"18,058","332,537","1,417,690"
Maluku Tenggara,Maluku,13.093011574,MultiPolygon,Divaksin 1,-5.717350995,132.775813736,"12,251","93,569","1,417,690"
Maluku Tenggara Barat,Maluku,,MultiPolygon,Divaksin 1,-7.534945267,131.288534016,,,
Mamasa,Sulawesi Barat,18.484944827,Polygon,Divaksin 1,-2.997111969,119.396707520,"23,838","128,959","1,089,240"
Mamberamo Raya,Papua,8.350095668,MultiPolygon,Divaksin 1,-2.263911681,137.650486401,"1,702","20,383","2,583,771"
Mamberamo Tengah,Papua,2.375385449,Polygon,Divaksin 1,-3.622003236,139.045637491,701,"29,511","2,175,921"
Mamuju,Sulawesi Barat,15.759020869,MultiPolygon,Divaksin 1,-2.265201992,119.439581012,"33,310","211,371","1,089,240"
Mamuju Utara,Sulawesi Barat,,Polygon,Divaksin 1,-1.430417843,119.556407852,,,
Manado,Sulawesi Utara,79.907919533,MultiPolygon,Divaksin 1,1.530255853,124.826462946,"287,070","359,251","2,080,685"
Mandailing Natal,Sumatera Utara,7.121212121,MultiPolygon,Divaksin 1,0.864736247,99.317492421,"25,051","351,780","11,419,559"
Manggarai,Nusa Tenggara Timur,12.613296807,MultiPolygon,Divaksin 1,-8.543776702,120.412721787,"27,902","221,211","3,831,439"
Manggarai Barat,Nusa Tenggara Timur,22.827043245,MultiPolygon,Divaksin 1,-8.599134152,119.773631614,"40,476","177,316","3,831,439"
Manggarai Timur,Nusa Tenggara Timur,6.852141739,Polygon,Divaksin 1,-8.524456962,120.693446829,"13,482","196,756","3,248,595"
Manokwari,Papua Barat,34.627758565,MultiPolygon,Divaksin 1,-1.025652775,133.805437402,"45,959","132,723","797,402"
Mappi,Papua,15.313325783,MultiPolygon,Divaksin 1,-6.900117569,138.753636460,"8,113","52,980","2,583,771"
Maros,Sulawesi Selatan,19.356886116,Polygon,Divaksin 1,-5.002593865,119.696335465,"57,946","299,356","7,058,141"
Mataram,Nusa Tenggara Barat,53.070814743,Polygon,Divaksin 1,-8.597296083,116.125361317,"167,483","315,584","3,910,638"
Maybrat,Papua Barat,4.387028573,Polygon,Divaksin 1,-1.322640672,132.343990049,"1,411","32,163","669,488"
Melawi,Kalimantan Barat,10.561341031,Polygon,Divaksin 1,-0.653097880,111.791427446,"17,616","166,797","3,872,477"
Merangin,Jambi,11.853719575,Polygon,Divaksin 1,-2.198842280,101.815477300,"31,451","265,326","2,686,193"
Merauke,Papua,37.772313705,MultiPolygon,Divaksin 1,-7.946111484,139.068480750,"47,161","124,856","2,583,771"
Mesuji,Lampung,5.231746643,Polygon,Divaksin 1,-4.027772028,105.355018205,"8,696","166,216","6,645,226"
Metro,Lampung,23.247259088,Polygon,Divaksin 1,-5.108814008,105.315033498,"29,007","124,776","6,645,226"
Mimika,Papua,33.437291286,MultiPolygon,Divaksin 1,-4.671843521,136.421253090,"57,574","172,185","2,583,771"
Minahasa,Sulawesi Utara,27.913137662,Polygon,Divaksin 1,1.266914659,124.828474234,"78,602","281,595","2,080,685"
Minahasa Selatan,Sulawesi Utara,30.177583574,MultiPolygon,Divaksin 1,1.134117157,124.508946244,"57,115","189,263","2,080,685"
Minahasa Tenggara,Sulawesi Utara,28.847518517,MultiPolygon,Divaksin 1,0.937811000,124.772426344,"26,017","90,188","2,080,685"
Minahasa Utara,Sulawesi Utara,20.943734589,MultiPolygon,Divaksin 1,1.651382470,124.986863168,"37,372","178,440","2,080,685"
Mojokerto,Jawa Timur,20.194985061,MultiPolygon,Divaksin 1,-7.505930824,112.460442168,"194,591","963,561","31,826,206"
Morowali,Sulawesi Tengah,17.496084076,MultiPolygon,Divaksin 1,-2.397609475,121.786761939,"19,994","114,277","1,821,298"
Muara Enim,Sumatera Selatan,14.848226421,MultiPolygon,Divaksin 1,-3.612649365,104.004495601,"66,858","450,276","6,303,096"
Muaro Jambi,Jambi,18.632787667,Polygon,Divaksin 1,-1.645507137,103.492808186,"56,274","302,016","2,686,193"
Mukomuko,Bengkulu,9.781490013,Polygon,Divaksin 1,-2.650783299,101.467680224,"13,971","142,831","1,553,792"
Muna,Sulawesi Tenggara,15.415946982,MultiPolygon,Divaksin 1,-4.830113176,122.588399785,"25,169","163,266","2,002,579"
Murung Raya,Kalimantan Tengah,28.812681434,Polygon,Divaksin 1,0.271420419,114.377704948,"23,920","83,019","1,752,528"
Musi Banyuasin,Sumatera Selatan,12.837848329,Polygon,Divaksin 1,-2.455715219,103.628633317,"57,877","450,831","6,303,096"
Musi Rawas,Sumatera Selatan,12.366150874,Polygon,Divaksin 1,-2.909968863,102.896168939,"36,482","295,015","6,303,096"
Nabire,Papua,20.722189994,MultiPolygon,Divaksin 1,-3.054109338,135.365897808,"18,932","91,361","2,583,771"
Nagan Raya,Aceh,18.118808123,Polygon,Divaksin 1,4.070022064,96.508313424,"23,867","131,725","4,028,891"
Nagekeo,Nusa Tenggara Timur,9.501970924,Polygon,Divaksin 1,-8.695985186,121.264235668,"11,209","117,965","3,248,595"
Natuna,Kepulauan Riau,66.955527278,MultiPolygon,Divaksin 1,3.543565250,108.340625195,"41,568","62,083","1,581,035"
Nduga,Papua,0.505899748,Polygon,Divaksin 1,-4.404680215,138.348049726,349,"68,986","1,998,560"
Ngada,Nusa Tenggara Timur,9.604091838,MultiPolygon,Divaksin 1,-8.608388735,120.990490800,"11,792","122,781","3,831,439"
Nganjuk,Jawa Timur,19.484232396,Polygon,Divaksin 1,-7.585765722,111.938144154,"168,335","863,955","31,826,206"
Ngawi,Jawa Timur,20.403251251,Polygon,Divaksin 1,-7.430929563,111.345767444,"140,973","690,934","31,826,206"
Nias,Sumatera Utara,5.926836099,MultiPolygon,Divaksin 1,1.033434076,97.734198265,"6,560","110,683","9,832,695"
Nias Barat,Sumatera Utara,8.465102376,MultiPolygon,Divaksin 1,0.929273920,97.453140741,"5,664","66,910","9,832,695"
Nias Selatan,Sumatera Utara,4.562424450,MultiPolygon,Divaksin 1,0.033467692,98.294452205,"12,795","280,443","11,419,559"
Nias Utara,Sumatera Utara,5.834112462,MultiPolygon,Divaksin 1,1.384936301,97.264794469,"6,552","112,305","9,832,695"
Nunukan,Kalimantan Timur,,MultiPolygon,Divaksin 1,3.998379756,117.163342748,,,
Ogan Ilir,Sumatera Selatan,11.820884647,Polygon,Divaksin 1,-3.385395249,104.633372448,"36,340","307,422","5,456,413"
Ogan Komering Ilir,Sumatera Selatan,9.121000813,MultiPolygon,Divaksin 1,-3.561109457,105.122843659,"52,713","577,930","6,303,096"
Ogan Komering Ulu,Sumatera Selatan,17.097664426,Polygon,Divaksin 1,-4.053797729,104.189879522,"46,156","269,955","6,303,096"
Ogan Komering Ulu Selatan,Sumatera Selatan,9.458264005,Polygon,Divaksin 1,-4.701149550,104.009262316,"29,616","313,123","6,303,096"
Ogan Komering Ulu Timur,Sumatera Selatan,9.528027512,Polygon,Divaksin 1,-4.119036205,104.571726973,"46,684","489,965","6,303,096"
Pacitan,Jawa Timur,11.972297399,MultiPolygon,Divaksin 1,-8.159725057,111.180637870,"56,580","472,591","31,826,206"
Padang,Sumatera Barat,23.707603064,MultiPolygon,Divaksin 1,-0.997612252,100.372202426,"172,263","726,615","4,408,509"
Padang Lawas,Sumatera Utara,9.825925599,Polygon,Divaksin 1,1.154353646,99.802787217,"18,904","192,389","9,832,695"
Padang Lawas Utara,Sumatera Utara,18.042870943,Polygon,Divaksin 1,1.639420611,99.785423666,"34,553","191,505","11,419,559"
Padang Panjang,Sumatera Barat,43.950981505,Polygon,Divaksin 1,-0.467525014,100.401361077,"19,367","44,065","4,408,509"
Padang Pariaman,Sumatera Barat,7.381212309,Polygon,Divaksin 1,-0.563027713,100.246740193,"25,287","342,586","4,408,509"
Padangsidimpuan,Sumatera Utara,16.435285236,Polygon,Divaksin 1,1.374791787,99.299858069,"28,519","173,523","11,419,559"
Pagar Alam,Sumatera Selatan,15.070722476,Polygon,Divaksin 1,-4.071137265,103.302329883,"16,206","107,533","5,456,413"
Pakpak Barat,Sumatera Utara,51.195001994,Polygon,Divaksin 1,2.557229110,98.227668647,"19,257","37,615","11,419,559"
Palangka Raya,Kalimantan Tengah,40.904228416,Polygon,Divaksin 1,-1.958225613,113.779379824,"91,387","223,417","2,036,104"
Palembang,Sumatera Selatan,26.478564273,Polygon,Divaksin 1,-2.957107940,104.745032620,"328,559","1,240,849","6,303,096"
Palopo,Sulawesi Selatan,25.914556514,MultiPolygon,Divaksin 1,-2.975948918,120.168130024,"36,638","141,380","7,058,141"
Palu,Sulawesi Tengah,35.948648017,Polygon,Divaksin 1,-0.827827501,119.873170055,"95,430","265,462","2,135,907"
Pamekasan,Jawa Timur,8.628272155,MultiPolygon,Divaksin 1,-7.072636474,113.507265551,"56,327","652,819","31,826,206"
Pandeglang,Banten,7.532745647,MultiPolygon,Divaksin 1,-6.630053287,105.640295723,"74,009","982,497","9,229,383"
Pangkajene Dan Kepulauan,Sulawesi Selatan,13.286550323,MultiPolygon,Divaksin 1,-6.062808811,118.660784109,"35,349","266,051","7,058,141"
Pangkalpinang,Bangka Belitung,34.285781797,Polygon,Divaksin 1,-2.105883998,106.111675395,"58,040","169,283","1,137,824"
Paniai,Papua,2.416278084,Polygon,Divaksin 1,-3.782621110,136.324681694,"3,420","141,540","2,583,771"
Parepare,Sulawesi Selatan,30.458049808,MultiPolygon,Divaksin 1,-4.035375233,119.655207519,"35,003","114,922","7,058,141"
Pariaman,Sumatera Barat,14.834863000,MultiPolygon,Divaksin 1,-0.605715430,100.143222511,"11,072","74,635","4,408,509"
Parigi Moutong,Sulawesi Tengah,6.475708358,Polygon,Divaksin 1,-0.178688140,120.361098316,"20,928","323,177","1,821,298"
Pasaman,Sumatera Barat,9.805321772,Polygon,Divaksin 1,0.382861902,100.042198354,"23,068","235,260","4,408,509"
Pasaman Barat,Sumatera Barat,6.153490481,MultiPolygon,Divaksin 1,0.232927645,99.526803291,"20,495","333,063","4,408,509"
Paser,Kalimantan Timur,11.682628758,MultiPolygon,Divaksin 1,-1.818846367,115.940848066,"24,482","209,559","2,874,401"
Pasuruan,Jawa Timur,14.006856103,MultiPolygon,Divaksin 1,-7.700088798,112.865234907,"195,758","1,397,587","31,826,206"
Pati,Jawa Tengah,14.623490398,MultiPolygon,Divaksin 1,-6.747072303,111.056682503,"153,902","1,052,430","28,727,805"
Payakumbuh,Sumatera Barat,22.101284684,Polygon,Divaksin 1,-0.215267694,100.623429020,"24,326","110,066","4,408,509"
Pegunungan Bintang,Papua,5.524382098,Polygon,Divaksin 1,-4.095853212,140.235895975,"2,481","44,910","2,175,921"
Pekalongan,Jawa Tengah,13.756487690,MultiPolygon,Divaksin 1,-7.009207907,109.642668249,"135,679","986,291","28,727,805"
Pekanbaru,Riau,41.059436222,Polygon,Divaksin 1,0.546021085,101.446920236,"307,164","748,096","4,840,347"
Pelalawan,Riau,9.396593367,MultiPolygon,Divaksin 1,0.058332966,102.124179965,"26,844","285,678","4,840,347"
Pemalang,Jawa Tengah,12.049757841,Polygon,Divaksin 1,-7.052327028,109.395580463,"138,307","1,147,799","28,727,805"
Pematangsiantar,Sumatera Utara,21.526691745,Polygon,Divaksin 1,2.954236648,99.063835019,"45,837","212,931","11,419,559"
Penajam Paser Utara,Kalimantan Timur,15.012924298,Polygon,Divaksin 1,-1.204238580,116.681131655,"20,270","135,017","2,874,401"
Pesawaran,Lampung,6.149501719,MultiPolygon,Divaksin 1,-5.515479801,105.157313064,"21,363","347,394","6,645,226"
Pesisir Selatan,Sumatera Barat,7.365129671,MultiPolygon,Divaksin 1,-1.402683898,100.565929240,"29,467","400,088","4,408,509"
Pidie,Aceh,10.315509057,Polygon,Divaksin 1,5.235055974,95.926552066,"35,160","340,846","4,028,891"
Pidie Jaya,Aceh,10.945964605,Polygon,Divaksin 1,5.164253923,96.184097588,"13,477","123,123","4,028,891"
Pinrang,Sulawesi Selatan,16.226248315,MultiPolygon,Divaksin 1,-3.564285743,119.580548126,"50,665","312,241","7,058,141"
Pohuwato,Gorontalo,13.740102870,MultiPolygon,Divaksin 1,0.578320062,121.647682751,"15,948","116,069","938,409"
Polewali Mandar,Sulawesi Barat,16.564609489,MultiPolygon,Divaksin 1,-3.392691632,119.259364186,"61,298","370,054","1,089,240"
Ponorogo,Jawa Timur,12.223227784,Polygon,Divaksin 1,-7.970508236,111.511011360,"93,058","761,321","31,826,206"
Pontianak,Kalimantan Barat,30.812564737,MultiPolygon,Divaksin 1,0.265244540,109.167098692,"145,765","473,070","3,872,477"
Poso,Sulawesi Tengah,12.682673690,MultiPolygon,Divaksin 1,-1.480103471,120.519609089,"22,729","179,213","2,135,907"
Prabumulih,Sumatera Selatan,17.080785462,Polygon,Divaksin 1,-3.498337382,104.197383196,"23,799","139,332","6,303,096"
Pringsewu,Lampung,6.200996195,Polygon,Divaksin 1,-5.363951031,104.953429423,"18,562","299,339","6,645,226"
Probolinggo,Jawa Timur,25.214079521,MultiPolygon,Divaksin 1,-7.857821544,113.278593678,"270,509","1,072,849","31,826,206"
Pulang Pisau,Kalimantan Tengah,27.781926077,Polygon,Divaksin 1,-2.667199931,113.981312090,"28,277","101,782","2,036,104"
Pulau Morotai,Maluku Utara,9.062000152,MultiPolygon,Divaksin 1,2.307445993,128.364513502,"4,759","52,516","954,092"
Puncak,Papua,1.816662910,Polygon,Divaksin 1,-3.294219511,137.305569272,"1,370","75,413","2,175,921"
Puncak Jaya,Papua,1.574404569,Polygon,Divaksin 1,-3.513052230,137.969939301,"2,426","154,090","2,175,921"
Purbalingga,Jawa Tengah,10.728828381,Polygon,Divaksin 1,-7.310142071,109.404287045,"83,550","778,743","28,727,805"
Purwakarta,Jawa Barat,11.332709431,Polygon,Divaksin 1,-6.630457081,107.448874883,"88,036","776,831","37,907,814"
Purworejo,Jawa Tengah,13.496228085,MultiPolygon,Divaksin 1,-7.660188568,109.987488651,"83,101","615,735","28,727,805"
Raja Ampat,Papua Barat,20.465213552,MultiPolygon,Divaksin 1,-0.843297154,130.464569037,"8,807","43,034","797,402"
Rejang Lebong,Bengkulu,11.959001382,Polygon,Divaksin 1,-3.421835350,102.747387855,"26,054","217,861","1,553,792"
Rembang,Jawa Tengah,18.834727205,MultiPolygon,Divaksin 1,-6.787879896,111.417589676,"96,547","512,601","28,727,805"
Rokan Hilir,Riau,12.735636688,MultiPolygon,Divaksin 1,1.990471990,100.717182090,"61,101","479,764","4,840,347"
Rokan Hulu,Riau,9.901013214,MultiPolygon,Divaksin 1,1.087631647,100.267619338,"42,410","428,340","4,840,347"
Rote Ndao,Nusa Tenggara Timur,12.115705285,MultiPolygon,Divaksin 1,-10.697864025,123.167823589,"12,134","100,151","3,831,439"
Sabang,Aceh,23.368677323,MultiPolygon,Divaksin 1,5.852764043,95.298825588,"7,295","31,217","4,028,891"
Sabu Raijua,Nusa Tenggara Timur,12.855338484,MultiPolygon,Divaksin 1,-10.571716105,121.778114722,"7,837","60,963","3,831,439"
Salatiga,Jawa Tengah,68.663081287,Polygon,Divaksin 1,-7.337829634,110.500706642,"104,819","152,657","28,727,805"
Samarinda,Kalimantan Timur,18.097764838,Polygon,Divaksin 1,-0.510599824,117.195508671,"115,623","638,880","2,874,401"
Sambas,Kalimantan Barat,8.234006161,Polygon,Divaksin 1,1.400413755,109.251551405,"36,779","446,672","3,872,477"
Samosir,Sumatera Utara,23.383629114,MultiPolygon,Divaksin 1,2.566248365,98.761690327,"23,928","102,328","9,832,695"
Sampang,Jawa Timur,4.985646359,MultiPolygon,Divaksin 1,-7.076995190,113.238954008,"36,940","740,927","31,826,206"
Sanggau,Kalimantan Barat,9.112056171,Polygon,Divaksin 1,0.319392925,110.331973888,"31,925","350,360","3,872,477"
Sarmi,Papua,14.303499793,MultiPolygon,Divaksin 1,-2.417193738,139.039923431,"3,102","21,687","2,175,921"
Sarolangun,Jambi,14.571253281,Polygon,Divaksin 1,-2.377277477,102.678941338,"31,588","216,783","2,686,193"
Sawahlunto,Sumatera Barat,20.341665862,Polygon,Divaksin 1,-0.632272858,100.756677003,"10,538","51,805","4,408,509"
Sekadau,Kalimantan Barat,12.423598368,Polygon,Divaksin 1,0.106386231,111.050760543,"18,822","151,502","3,872,477"
Seluma,Bengkulu,11.727883926,Polygon,Divaksin 1,-4.063242842,102.744177559,"18,979","161,828","1,553,792"
Semarang,Jawa Tengah,39.520397099,MultiPolygon,Divaksin 1,-7.200570411,110.455680640,"844,113","2,135,892","28,727,805"
Seram Bagian Barat,Maluku,8.918340797,MultiPolygon,Divaksin 1,-3.075988855,128.088366291,"14,259","159,884","1,417,690"
Seram Bagian Timur,Maluku,5.330590197,MultiPolygon,Divaksin 1,-3.822317951,130.887225604,"5,467","102,559","1,201,800"
Serang,Banten,12.452088931,MultiPolygon,Divaksin 1,-6.113313850,106.152926887,"222,312","1,785,339","9,229,383"
Serdang Bedagai,Sumatera Utara,18.206562171,Polygon,Divaksin 1,3.406531969,99.019175692,"91,774","504,071","9,832,695"
Seruyan,Kalimantan Tengah,19.927799603,Polygon,Divaksin 1,-2.370157423,112.118367807,"24,399","122,437","2,036,104"
Siak,Riau,13.899204398,Polygon,Divaksin 1,0.794583008,101.850571565,"47,833","344,142","4,840,347"
Siau Tagulandang Biaro,Sulawesi Utara,33.560630537,MultiPolygon,Divaksin 1,2.247978626,125.378162496,"19,736","58,807","1,835,346"
Sibolga,Sumatera Utara,41.779392666,MultiPolygon,Divaksin 1,1.728254591,98.782524248,"28,631","68,529","11,419,559"
Sidenreng Rappang,Sulawesi Selatan,12.589050767,Polygon,Divaksin 1,-3.844495331,119.919113232,"31,384","249,296","7,058,141"
Sidoarjo,Jawa Timur,28.941395061,Polygon,Divaksin 1,-7.438460725,112.709410749,"467,295","1,614,625","31,826,206"
Sigi,Sulawesi Tengah,8.097236040,Polygon,Divaksin 1,-1.574032381,119.968358008,"14,976","184,952","2,135,907"
Sijunjung,Sumatera Barat,13.921485996,Polygon,Divaksin 1,-0.608436420,101.018152214,"25,767","185,088","4,408,509"
Sikka,Nusa Tenggara Timur,9.795018503,MultiPolygon,Divaksin 1,-8.554192261,122.272897479,"22,392","228,606","3,831,439"
Simalungun,Sumatera Utara,9.141358919,MultiPolygon,Divaksin 1,3.035652771,99.118790320,"72,067","788,362","11,419,559"
Simeulue,Aceh,9.779554636,MultiPolygon,Divaksin 1,2.615352835,96.149264433,"6,996","71,537","4,028,891"
Singkawang,Kalimantan Barat,19.884824054,Polygon,Divaksin 1,0.932717411,109.045880345,"32,803","164,965","3,872,477"
Sinjai,Sulawesi Selatan,17.626096627,MultiPolygon,Divaksin 1,-5.214317440,120.180565221,"35,662","202,325","7,058,141"
Sintang,Kalimantan Barat,15.231934502,Polygon,Divaksin 1,0.183632158,111.832882694,"45,469","298,511","3,872,477"
Situbondo,Jawa Timur,10.116468237,Polygon,Divaksin 1,-7.805898017,113.972490495,"55,469","548,304","31,826,206"
Sleman,Yogyakarta,36.852021991,Polygon,Divaksin 1,-7.733369253,110.394506674,"323,696","878,367","2,879,699"
Solok,Sumatera Barat,13.241063319,MultiPolygon,Divaksin 1,-0.858258788,100.725690645,"48,839","368,845","4,408,509"
Solok Selatan,Sumatera Barat,12.412125927,Polygon,Divaksin 1,-1.395309682,101.286876511,"17,868","143,956","4,408,509"
Soppeng,Sulawesi Selatan,29.109599791,Polygon,Divaksin 1,-4.299525234,119.925090718,"55,643","191,150","7,058,141"
Sorong,Papua Barat,17.056541059,MultiPolygon,Divaksin 1,-0.967502659,131.310099458,"49,057","287,614","797,402"
Sorong Selatan,Papua Barat,14.041039219,Polygon,Divaksin 1,-1.732633603,132.031329780,"5,091","36,258","797,402"
Sragen,Jawa Tengah,11.426523704,MultiPolygon,Divaksin 1,-7.343777132,110.905628961,"88,644","775,774","28,727,805"
Subang,Jawa Barat,13.636331805,MultiPolygon,Divaksin 1,-6.464821866,107.701066865,"175,254","1,285,199","37,907,814"
Subulussalam,Aceh,13.429063057,Polygon,Divaksin 1,2.761518860,97.933453974,"8,819","65,671","4,028,891"
Sukabumi,Jawa Barat,13.558001416,MultiPolygon,Divaksin 1,-7.029457500,106.790757773,"326,263","2,406,424","37,907,814"
Sukamara,Kalimantan Tengah,36.387255004,Polygon,Divaksin 1,-2.777110961,111.072526998,"17,507","48,113","2,036,104"
Sukoharjo,Jawa Tengah,16.572884624,Polygon,Divaksin 1,-7.679572732,110.814287377,"119,284","719,754","28,727,805"
Sumba Barat,Nusa Tenggara Timur,16.298153636,Polygon,Divaksin 1,-9.649711627,119.367602748,"16,445","100,901","3,831,439"
Sumba Barat Daya,Nusa Tenggara Timur,8.820499220,Polygon,Divaksin 1,-9.557710077,119.170195348,"17,294","196,066","3,831,439"
Sumba Tengah,Nusa Tenggara Timur,13.166842133,Polygon,Divaksin 1,-9.582047464,119.664832861,"7,629","57,941","3,248,595"
Sumba Timur,Nusa Tenggara Timur,12.335554518,MultiPolygon,Divaksin 1,-9.867611324,120.165431830,"20,863","169,129","3,831,439"
Sumbawa,Nusa Tenggara Barat,11.185269532,MultiPolygon,Divaksin 1,-8.611590620,117.519627535,"43,221","386,410","3,910,638"
Sumbawa Barat,Nusa Tenggara Barat,20.084132076,MultiPolygon,Divaksin 1,-8.844274099,116.895163161,"20,912","104,122","3,910,638"
Sumedang,Jawa Barat,12.318349220,Polygon,Divaksin 1,-6.834911335,107.989215613,"113,723","923,200","37,907,814"
Sumenep,Jawa Timur,8.358666499,MultiPolygon,Divaksin 1,-6.946791110,115.048747109,"75,201","899,677","31,826,206"
Sungai Penuh,Jambi,24.804205132,Polygon,Divaksin 1,-2.103320930,101.365311571,"18,781","75,717","2,686,193"
Supiori,Papua,12.277811497,MultiPolygon,Divaksin 1,-0.750116771,135.520659608,"1,416","11,533","2,175,921"
Surabaya,Jawa Timur,66.124796618,MultiPolygon,Divaksin 1,-7.277479894,112.727243858,"1,466,728","2,218,121","31,826,206"
Surakarta,Jawa Tengah,64.678737436,Polygon,Divaksin 1,-7.558203046,110.817990942,"269,808","417,151","28,727,805"
Tabalong,Kalimantan Selatan,15.744980085,Polygon,Divaksin 1,-1.853716763,115.518972390,"30,675","194,824","3,161,137"
Tabanan,Bali,88.547246111,Polygon,Divaksin 1,-8.445492856,115.069701528,"331,953","374,888","3,405,130"
Takalar,Sulawesi Selatan,17.944141436,MultiPolygon,Divaksin 1,-5.416273842,119.452433899,"41,421","230,833","7,058,141"
Tambrauw,Papua Barat,3.163260207,Polygon,Divaksin 1,-0.714718366,132.516186346,633,"20,011","669,488"
Tana Tidung,Kalimantan Timur,,MultiPolygon,Divaksin 1,3.592682702,117.397227551,,,
Tana Toraja,Sulawesi Selatan,21.127131859,Polygon,Divaksin 1,-3.107985520,119.708108014,"47,284","223,807","7,058,141"
Tanah Bumbu,Kalimantan Selatan,10.299784169,MultiPolygon,Divaksin 1,-3.358586037,115.783705621,"24,672","239,539","3,161,137"
Tanah Datar,Sumatera Barat,11.494290397,Polygon,Divaksin 1,-0.451946444,100.600951157,"35,210","306,326","4,408,509"
Tanah Laut,Kalimantan Selatan,8.475172708,Polygon,Divaksin 1,-3.729796315,114.878902933,"22,880","269,965","3,161,137"
Tangerang,Banten,21.277262740,MultiPolygon,Divaksin 1,-6.197861767,106.552883855,"849,766","3,993,775","9,229,383"
Tangerang Selatan,Banten,28.378985266,Polygon,Divaksin 1,-6.290757270,106.733550797,"304,582","1,073,266","9,229,383"
Tanggamus,Lampung,6.630176248,MultiPolygon,Divaksin 1,-5.618835295,104.706658638,"31,276","471,722","6,645,226"
Tanjung Jabung B,Jambi,18.546511871,Polygon,Divaksin 1,-1.113767972,103.163631388,"44,267","238,681","2,686,193"
Tanjung Jabung T,Jambi,19.357923036,MultiPolygon,Divaksin 1,-1.122058570,103.821170449,"34,418","177,798","2,686,193"
Tanjungpinang,Kepulauan Riau,68.155367073,MultiPolygon,Divaksin 1,0.930398143,104.457547068,"121,337","178,030","1,581,035"
Tapanuli Selatan,Sumatera Utara,13.085822400,MultiPolygon,Divaksin 1,1.502818125,99.274587722,"29,533","225,687","11,419,559"
Tapanuli Tengah,Sumatera Utara,8.938157839,MultiPolygon,Divaksin 1,1.637585712,98.836489295,"25,374","283,884","9,832,695"
Tapanuli Utara,Sumatera Utara,19.603355893,MultiPolygon,Divaksin 1,1.982206198,99.192102657,"46,171","235,526","11,419,559"
Tapin,Kalimantan Selatan,11.111413914,Polygon,Divaksin 1,-2.916449370,115.124870703,"16,309","146,777","3,161,137"
Tarakan,Kalimantan Timur,,MultiPolygon,Divaksin 1,3.356720785,117.548144627,,,
Tasikmalaya,Jawa Barat,9.991894586,MultiPolygon,Divaksin 1,-7.395543348,108.193311360,"204,019","2,041,845","37,907,814"
Tebingtinggi,Sumatera Utara,13.310531673,Polygon,Divaksin 1,3.322935177,99.153944072,"17,785","133,616","9,832,695"
Tebo,Jambi,20.166251820,Polygon,Divaksin 1,-1.350862035,102.334471703,"51,528","255,516","2,686,193"
Tegal,Jawa Tengah,13.954788605,MultiPolygon,Divaksin 1,-7.017266164,109.158099246,"200,923","1,439,814","28,727,805"
Teluk Bintuni,Papua Barat,16.850855431,MultiPolygon,Divaksin 1,-2.259311604,133.558725372,"10,460","62,074","797,402"
Teluk Wondama,Papua Barat,21.430876815,MultiPolygon,Divaksin 1,-2.313049185,134.338117025,"5,976","27,885","797,402"
Temanggung,Jawa Tengah,13.663097065,Polygon,Divaksin 1,-7.226341341,110.153014948,"85,305","624,346","28,727,805"
Ternate,Maluku Utara,17.270863411,MultiPolygon,Divaksin 1,0.783794984,127.165975086,"26,198","151,689","954,092"
Tidore Kepulauan,Maluku Utara,13.276472481,MultiPolygon,Divaksin 1,0.424798533,127.625342494,"11,550","86,996","954,092"
Timor Tengah Selatan,Nusa Tenggara Timur,8.287929840,Polygon,Divaksin 1,-9.680385982,124.374782122,"27,746","334,776","3,248,595"
Timor Tengah Utara,Nusa Tenggara Timur,9.225258704,Polygon,Divaksin 1,-9.383604462,124.429060757,"17,179","186,217","3,831,439"
Toba Samosir,Sumatera Utara,14.623343012,Polygon,Divaksin 1,2.430941858,99.304165709,"22,714","155,327","11,419,559"
Tojo Una-Una,Sulawesi Tengah,8.590984187,MultiPolygon,Divaksin 1,-0.608905856,121.826965396,"9,828","114,399","2,135,907"
Toli-Toli,Sulawesi Tengah,13.812378279,MultiPolygon,Divaksin 1,0.923253404,120.605075460,"21,844","158,148","1,821,298"
Tolikara,Papua,0.952242495,Polygon,Divaksin 1,-3.507317690,138.330667037,"1,572","165,084","2,175,921"
Tomohon,Sulawesi Utara,61.280993281,Polygon,Divaksin 1,1.332566315,124.824281364,"49,159","80,219","2,080,685"
Toraja Utara,Sulawesi Selatan,12.669559814,Polygon,Divaksin 1,-2.915244754,119.855060476,"25,078","197,939","7,058,141"
Trenggalek,Jawa Timur,12.749489856,MultiPolygon,Divaksin 1,-8.220382777,111.614686963,"74,226","582,188","31,826,206"
Tual,Maluku,8.635121781,MultiPolygon,Divaksin 1,-5.595329937,132.590303405,"5,942","68,812","1,417,690"
Tuban,Jawa Timur,14.575332442,MultiPolygon,Divaksin 1,-6.949266410,111.880067787,"137,843","945,728","31,826,206"
Tulang Bawang Barat,Lampung,5.106056929,Polygon,Divaksin 1,-4.406635917,105.090425037,"10,729","210,123","5,765,023"
Tulangbawang,Lampung,8.732766592,Polygon,Divaksin 1,-4.503233765,105.487454395,"27,294","312,547","5,765,023"
Tulungagung,Jawa Timur,22.684444403,MultiPolygon,Divaksin 1,-8.123010498,111.869063818,"195,926","863,702","31,826,206"
Waduk Cirata,Jawa Barat,,Polygon,Divaksin 1,-6.748570027,107.302066263,,,
Waduk Kedungombo,Jawa Tengah,,MultiPolygon,Divaksin 1,-7.289615217,110.818305383,,,
Wajo,Sulawesi Selatan,19.787642862,Polygon,Divaksin 1,-4.021313952,120.187260027,"59,524","300,814","7,058,141"
Wakatobi,Sulawesi Tenggara,10.716062524,MultiPolygon,Divaksin 1,-5.561726143,123.809631522,"9,262","86,431","2,002,579"
Waropen,Papua,6.667838519,MultiPolygon,Divaksin 1,-2.556750713,136.619368120,"1,138","17,067","2,583,771"
Way Kanan,Lampung,6.500177272,MultiPolygon,Divaksin 1,-4.540827100,104.584285106,"22,184","341,283","6,645,226"
Wonogiri,Jawa Tengah,10.720809478,Polygon,Divaksin 1,-7.898856786,111.029708482,"91,734","855,663","28,727,805"
Wonosobo,Jawa Tengah,11.151426065,Polygon,Divaksin 1,-7.426250616,109.901022822,"76,774","688,468","28,727,805"
Yahukimo,Papua,0.964882709,Polygon,Divaksin 1,-4.083221146,140.004083349,"2,347","243,242","2,583,771"
Yalimo,Papua,1.287471483,Polygon,Divaksin 1,-3.665426193,139.501459439,807,"62,681","2,175,921"
